account_id,login,password,role,create_time,change_time,finish_time
100,redgoose235,5baa61e4c9b93f3f0682250b6cf8331b7ee68fd8,STUDENT,2015-01-01 00:00:00,2015-01-01 00:00:00,null
101,whitebutterfly704,5baa61e4c9b93f3f0682250b6cf8331b7ee68fd8,STUDENT,2015-01-01 00:00:00,2015-01-01 00:00:00,null
102,lazymouse327,5baa61e4c9b93f3f0682250b6cf8331b7ee68fd8,STUDENT,2015-01-01 00:00:00,2015-01-01 00:00:00,null
103,lazyelephant531,5baa61e4c9b93f3f0682250b6cf8331b7ee68fd8,STUDENT,2015-01-01 00:00:00,2015-01-01 00:00:00,null
104,heavybutterfly193,5baa61e4c9b93f3f0682250b6cf8331b7ee68fd8,STUDENT,2015-01-01 00:00:00,2015-01-01 00:00:00,null
105,purpleladybug916,5baa61e4c9b93f3f0682250b6cf8331b7ee68fd8,STUDENT,2015-01-01 00:00:00,2015-01-01 00:00:00,null
106,bluetiger421,5baa61e4c9b93f3f0682250b6cf8331b7ee68fd8,STUDENT,2015-01-01 00:00:00,2015-01-01 00:00:00,null
107,heavytiger317,5baa61e4c9b93f3f0682250b6cf8331b7ee68fd8,STUDENT,2015-01-01 00:00:00,2015-01-01 00:00:00,null
108,orangemeercat394,5baa61e4c9b93f3f0682250b6cf8331b7ee68fd8,STUDENT,2015-01-01 00:00:00,2015-01-01 00:00:00,null
109,bigcat876,5baa61e4c9b93f3f0682250b6cf8331b7ee68fd8,STUDENT,2015-01-01 00:00:00,2015-01-01 00:00:00,null
110,beautifulpanda328,5baa61e4c9b93f3f0682250b6cf8331b7ee68fd8,STUDENT,2015-01-01 00:00:00,2015-01-01 00:00:00,null
111,redsnake838,5baa61e4c9b93f3f0682250b6cf8331b7ee68fd8,STUDENT,2015-01-01 00:00:00,2015-01-01 00:00:00,null
112,orangedog250,5baa61e4c9b93f3f0682250b6cf8331b7ee68fd8,STUDENT,2015-01-01 00:00:00,2015-01-01 00:00:00,null
113,smallladybug709,5baa61e4c9b93f3f0682250b6cf8331b7ee68fd8,STUDENT,2015-01-01 00:00:00,2015-01-01 00:00:00,null
114,silverleopard960,5baa61e4c9b93f3f0682250b6cf8331b7ee68fd8,STUDENT,2015-01-01 00:00:00,2015-01-01 00:00:00,null
115,whitecat863,5baa61e4c9b93f3f0682250b6cf8331b7ee68fd8,STUDENT,2015-01-01 00:00:00,2015-01-01 00:00:00,null
116,brownbird861,5baa61e4c9b93f3f0682250b6cf8331b7ee68fd8,STUDENT,2015-01-01 00:00:00,2015-01-01 00:00:00,null
117,greenkoala827,5baa61e4c9b93f3f0682250b6cf8331b7ee68fd8,STUDENT,2015-01-01 00:00:00,2015-01-01 00:00:00,null
118,redpeacock863,5baa61e4c9b93f3f0682250b6cf8331b7ee68fd8,STUDENT,2015-01-01 00:00:00,2015-01-01 00:00:00,null
119,whitekoala697,5baa61e4c9b93f3f0682250b6cf8331b7ee68fd8,STUDENT,2015-01-01 00:00:00,2015-01-01 00:00:00,null
120,tinybutterfly832,5baa61e4c9b93f3f0682250b6cf8331b7ee68fd8,STUDENT,2015-01-01 00:00:00,2015-01-01 00:00:00,null
121,blackfrog254,5baa61e4c9b93f3f0682250b6cf8331b7ee68fd8,STUDENT,2015-01-01 00:00:00,2015-01-01 00:00:00,null
122,orangebird593,5baa61e4c9b93f3f0682250b6cf8331b7ee68fd8,STUDENT,2015-01-01 00:00:00,2015-01-01 00:00:00,null
123,whiterabbit942,5baa61e4c9b93f3f0682250b6cf8331b7ee68fd8,STUDENT,2015-01-01 00:00:00,2015-01-01 00:00:00,null
124,redpanda378,5baa61e4c9b93f3f0682250b6cf8331b7ee68fd8,STUDENT,2015-01-01 00:00:00,2015-01-01 00:00:00,null
125,lazytiger740,5baa61e4c9b93f3f0682250b6cf8331b7ee68fd8,STUDENT,2015-01-01 00:00:00,2015-01-01 00:00:00,null
126,tinydog894,5baa61e4c9b93f3f0682250b6cf8331b7ee68fd8,STUDENT,2015-01-01 00:00:00,2015-01-01 00:00:00,null
127,heavygoose867,5baa61e4c9b93f3f0682250b6cf8331b7ee68fd8,STUDENT,2015-01-01 00:00:00,2015-01-01 00:00:00,null
128,bigelephant295,5baa61e4c9b93f3f0682250b6cf8331b7ee68fd8,STUDENT,2015-01-01 00:00:00,2015-01-01 00:00:00,null
129,lazypanda621,5baa61e4c9b93f3f0682250b6cf8331b7ee68fd8,STUDENT,2015-01-01 00:00:00,2015-01-01 00:00:00,null
130,goldenmouse625,5baa61e4c9b93f3f0682250b6cf8331b7ee68fd8,STUDENT,2015-01-01 00:00:00,2015-01-01 00:00:00,null
131,silverfrog721,5baa61e4c9b93f3f0682250b6cf8331b7ee68fd8,STUDENT,2015-01-01 00:00:00,2015-01-01 00:00:00,null
132,crazylion951,5baa61e4c9b93f3f0682250b6cf8331b7ee68fd8,STUDENT,2015-01-01 00:00:00,2015-01-01 00:00:00,null
133,ticklishostrich464,5baa61e4c9b93f3f0682250b6cf8331b7ee68fd8,STUDENT,2015-01-01 00:00:00,2015-01-01 00:00:00,null
134,brownwolf904,5baa61e4c9b93f3f0682250b6cf8331b7ee68fd8,STUDENT,2015-01-01 00:00:00,2015-01-01 00:00:00,null
135,beautifulgorilla851,5baa61e4c9b93f3f0682250b6cf8331b7ee68fd8,STUDENT,2015-01-01 00:00:00,2015-01-01 00:00:00,null
136,purplekoala587,5baa61e4c9b93f3f0682250b6cf8331b7ee68fd8,STUDENT,2015-01-01 00:00:00,2015-01-01 00:00:00,null
137,orangegoose173,5baa61e4c9b93f3f0682250b6cf8331b7ee68fd8,STUDENT,2015-01-01 00:00:00,2015-01-01 00:00:00,null
138,orangecat668,5baa61e4c9b93f3f0682250b6cf8331b7ee68fd8,STUDENT,2015-01-01 00:00:00,2015-01-01 00:00:00,null
139,organicostrich142,5baa61e4c9b93f3f0682250b6cf8331b7ee68fd8,STUDENT,2015-01-01 00:00:00,2015-01-01 00:00:00,null
140,blackcat175,5baa61e4c9b93f3f0682250b6cf8331b7ee68fd8,STUDENT,2015-01-01 00:00:00,2015-01-01 00:00:00,null
141,blueelephant781,5baa61e4c9b93f3f0682250b6cf8331b7ee68fd8,STUDENT,2015-01-01 00:00:00,2015-01-01 00:00:00,null
142,ticklishleopard593,5baa61e4c9b93f3f0682250b6cf8331b7ee68fd8,STUDENT,2015-01-01 00:00:00,2015-01-01 00:00:00,null
143,yellowpeacock825,5baa61e4c9b93f3f0682250b6cf8331b7ee68fd8,STUDENT,2015-01-01 00:00:00,2015-01-01 00:00:00,null
144,yellowleopard219,5baa61e4c9b93f3f0682250b6cf8331b7ee68fd8,STUDENT,2015-01-01 00:00:00,2015-01-01 00:00:00,null
145,bluepanda266,5baa61e4c9b93f3f0682250b6cf8331b7ee68fd8,STUDENT,2015-01-01 00:00:00,2015-01-01 00:00:00,null
146,blackdog814,5baa61e4c9b93f3f0682250b6cf8331b7ee68fd8,STUDENT,2015-01-01 00:00:00,2015-01-01 00:00:00,null
147,smallwolf914,5baa61e4c9b93f3f0682250b6cf8331b7ee68fd8,STUDENT,2015-01-01 00:00:00,2015-01-01 00:00:00,null
148,bigrabbit716,5baa61e4c9b93f3f0682250b6cf8331b7ee68fd8,STUDENT,2015-01-01 00:00:00,2015-01-01 00:00:00,null
149,smallduck440,5baa61e4c9b93f3f0682250b6cf8331b7ee68fd8,STUDENT,2015-01-01 00:00:00,2015-01-01 00:00:00,null
150,tinygoose162,5baa61e4c9b93f3f0682250b6cf8331b7ee68fd8,STUDENT,2015-01-01 00:00:00,2015-01-01 00:00:00,null
151,tinywolf877,5baa61e4c9b93f3f0682250b6cf8331b7ee68fd8,STUDENT,2015-01-01 00:00:00,2015-01-01 00:00:00,null
152,ticklishgorilla420,5baa61e4c9b93f3f0682250b6cf8331b7ee68fd8,STUDENT,2015-01-01 00:00:00,2015-01-01 00:00:00,null
153,heavylion265,5baa61e4c9b93f3f0682250b6cf8331b7ee68fd8,STUDENT,2015-01-01 00:00:00,2015-01-01 00:00:00,null
154,yellowbird408,5baa61e4c9b93f3f0682250b6cf8331b7ee68fd8,STUDENT,2015-01-01 00:00:00,2015-01-01 00:00:00,null
155,purplepeacock334,5baa61e4c9b93f3f0682250b6cf8331b7ee68fd8,STUDENT,2015-01-01 00:00:00,2015-01-01 00:00:00,null
156,bigbird139,5baa61e4c9b93f3f0682250b6cf8331b7ee68fd8,STUDENT,2015-01-01 00:00:00,2015-01-01 00:00:00,null
157,lazywolf761,5baa61e4c9b93f3f0682250b6cf8331b7ee68fd8,STUDENT,2015-01-01 00:00:00,2015-01-01 00:00:00,null
158,browndog189,5baa61e4c9b93f3f0682250b6cf8331b7ee68fd8,STUDENT,2015-01-01 00:00:00,2015-01-01 00:00:00,null
159,orangeduck296,5baa61e4c9b93f3f0682250b6cf8331b7ee68fd8,STUDENT,2015-01-01 00:00:00,2015-01-01 00:00:00,null
160,beautifulelephant654,5baa61e4c9b93f3f0682250b6cf8331b7ee68fd8,STUDENT,2015-01-01 00:00:00,2015-01-01 00:00:00,null
161,whiteswan842,5baa61e4c9b93f3f0682250b6cf8331b7ee68fd8,STUDENT,2015-01-01 00:00:00,2015-01-01 00:00:00,null
162,crazysnake817,5baa61e4c9b93f3f0682250b6cf8331b7ee68fd8,STUDENT,2015-01-01 00:00:00,2015-01-01 00:00:00,null
163,ticklishleopard327,5baa61e4c9b93f3f0682250b6cf8331b7ee68fd8,STUDENT,2015-01-01 00:00:00,2015-01-01 00:00:00,null
164,bluedog799,5baa61e4c9b93f3f0682250b6cf8331b7ee68fd8,STUDENT,2015-01-01 00:00:00,2015-01-01 00:00:00,null
165,organicpeacock612,5baa61e4c9b93f3f0682250b6cf8331b7ee68fd8,STUDENT,2015-01-01 00:00:00,2015-01-01 00:00:00,null
166,heavyleopard534,5baa61e4c9b93f3f0682250b6cf8331b7ee68fd8,STUDENT,2015-01-01 00:00:00,2015-01-01 00:00:00,null
167,orangeelephant563,5baa61e4c9b93f3f0682250b6cf8331b7ee68fd8,STUDENT,2015-01-01 00:00:00,2015-01-01 00:00:00,null
168,blackswan289,5baa61e4c9b93f3f0682250b6cf8331b7ee68fd8,STUDENT,2015-01-01 00:00:00,2015-01-01 00:00:00,null
169,heavybutterfly487,5baa61e4c9b93f3f0682250b6cf8331b7ee68fd8,STUDENT,2015-01-01 00:00:00,2015-01-01 00:00:00,null
170,redfish925,5baa61e4c9b93f3f0682250b6cf8331b7ee68fd8,STUDENT,2015-01-01 00:00:00,2015-01-01 00:00:00,null
171,purplemouse170,5baa61e4c9b93f3f0682250b6cf8331b7ee68fd8,STUDENT,2015-01-01 00:00:00,2015-01-01 00:00:00,null
172,goldengorilla417,5baa61e4c9b93f3f0682250b6cf8331b7ee68fd8,STUDENT,2015-01-01 00:00:00,2015-01-01 00:00:00,null
173,goldenkoala343,5baa61e4c9b93f3f0682250b6cf8331b7ee68fd8,STUDENT,2015-01-01 00:00:00,2015-01-01 00:00:00,null
174,organicduck436,5baa61e4c9b93f3f0682250b6cf8331b7ee68fd8,STUDENT,2015-01-01 00:00:00,2015-01-01 00:00:00,null
175,smallcat225,5baa61e4c9b93f3f0682250b6cf8331b7ee68fd8,STUDENT,2015-01-01 00:00:00,2015-01-01 00:00:00,null
176,browndog964,5baa61e4c9b93f3f0682250b6cf8331b7ee68fd8,STUDENT,2015-01-01 00:00:00,2015-01-01 00:00:00,null
177,brownwolf257,5baa61e4c9b93f3f0682250b6cf8331b7ee68fd8,STUDENT,2015-01-01 00:00:00,2015-01-01 00:00:00,null
178,purpleelephant461,5baa61e4c9b93f3f0682250b6cf8331b7ee68fd8,STUDENT,2015-01-01 00:00:00,2015-01-01 00:00:00,null
179,bigtiger950,5baa61e4c9b93f3f0682250b6cf8331b7ee68fd8,STUDENT,2015-01-01 00:00:00,2015-01-01 00:00:00,null
180,bigmouse109,5baa61e4c9b93f3f0682250b6cf8331b7ee68fd8,STUDENT,2015-01-01 00:00:00,2015-01-01 00:00:00,null
181,lazypanda608,5baa61e4c9b93f3f0682250b6cf8331b7ee68fd8,STUDENT,2015-01-01 00:00:00,2015-01-01 00:00:00,null
182,silverfish590,5baa61e4c9b93f3f0682250b6cf8331b7ee68fd8,STUDENT,2015-01-01 00:00:00,2015-01-01 00:00:00,null
183,organicladybug436,5baa61e4c9b93f3f0682250b6cf8331b7ee68fd8,STUDENT,2015-01-01 00:00:00,2015-01-01 00:00:00,null
184,heavycat771,5baa61e4c9b93f3f0682250b6cf8331b7ee68fd8,STUDENT,2015-01-01 00:00:00,2015-01-01 00:00:00,null
185,redpanda749,5baa61e4c9b93f3f0682250b6cf8331b7ee68fd8,STUDENT,2015-01-01 00:00:00,2015-01-01 00:00:00,null
186,purpleladybug342,5baa61e4c9b93f3f0682250b6cf8331b7ee68fd8,STUDENT,2015-01-01 00:00:00,2015-01-01 00:00:00,null
187,brownbutterfly753,5baa61e4c9b93f3f0682250b6cf8331b7ee68fd8,STUDENT,2015-01-01 00:00:00,2015-01-01 00:00:00,null
188,beautifulleopard303,5baa61e4c9b93f3f0682250b6cf8331b7ee68fd8,STUDENT,2015-01-01 00:00:00,2015-01-01 00:00:00,null
189,heavyelephant828,5baa61e4c9b93f3f0682250b6cf8331b7ee68fd8,STUDENT,2015-01-01 00:00:00,2015-01-01 00:00:00,null
190,redgorilla797,5baa61e4c9b93f3f0682250b6cf8331b7ee68fd8,STUDENT,2015-01-01 00:00:00,2015-01-01 00:00:00,null
191,greenbird658,5baa61e4c9b93f3f0682250b6cf8331b7ee68fd8,STUDENT,2015-01-01 00:00:00,2015-01-01 00:00:00,null
192,heavyswan485,5baa61e4c9b93f3f0682250b6cf8331b7ee68fd8,STUDENT,2015-01-01 00:00:00,2015-01-01 00:00:00,null
193,whitekoala885,5baa61e4c9b93f3f0682250b6cf8331b7ee68fd8,STUDENT,2015-01-01 00:00:00,2015-01-01 00:00:00,null
194,goldendog289,5baa61e4c9b93f3f0682250b6cf8331b7ee68fd8,STUDENT,2015-01-01 00:00:00,2015-01-01 00:00:00,null
195,redelephant359,5baa61e4c9b93f3f0682250b6cf8331b7ee68fd8,STUDENT,2015-01-01 00:00:00,2015-01-01 00:00:00,null
196,blackrabbit449,5baa61e4c9b93f3f0682250b6cf8331b7ee68fd8,STUDENT,2015-01-01 00:00:00,2015-01-01 00:00:00,null
197,greenbutterfly592,5baa61e4c9b93f3f0682250b6cf8331b7ee68fd8,STUDENT,2015-01-01 00:00:00,2015-01-01 00:00:00,null
198,whitemeercat507,5baa61e4c9b93f3f0682250b6cf8331b7ee68fd8,STUDENT,2015-01-01 00:00:00,2015-01-01 00:00:00,null
199,bluegoose402,5baa61e4c9b93f3f0682250b6cf8331b7ee68fd8,STUDENT,2015-01-01 00:00:00,2015-01-01 00:00:00,null
200,teacher,5baa61e4c9b93f3f0682250b6cf8331b7ee68fd8,TEACHER,2015-01-01 00:00:00,2015-01-01 00:00:00,null